Discord ID,Accumulated Points,Balance
378048007599423491,240,240
909149632389578752,190,190
955688670428549120,290,290
799067892062617632,190,190
928147052054073384,190,190
929041997153579019,440,440
854496185526779905,640,640
835524311547904050,520,520
892057256928104479,570,570
714778516033634325,520,520
433564409051217920,620,620
774329551039365150,220,220
228186428205432833,390,390
920118064861835335,390,390
941208541547601931,640,640
751432663147085825,640,640
937259279990272040,540,540
366046195107233794,440,440
1054733771267645441,140,140
776420905261072384,290,290
469816423208976385,340,340
822858711685005353,490,490
976881123042918420,200,200
419666984519598081,240,240
861141113024282654,540,540
814417065174892574,490,490
646704567597268993,240,240
968700612390813716,270,270
905094918278627338,390,390
921880539554795541,270,270
825006223379267616,90,90
941830025555111967,90,90
960800428033982494,90,90
919128471094067210,340,340
876101665269379133,90,90
300663242336894978,90,90
933237478079492127,190,190
628956177153392650,90,90
679341490471698474,440,440
1013282712175509524,90,90
956890153882902598,90,90
253832248653119488,90,90
944116470386925568,440,440
996033811823472651,90,90
671365780625162241,90,90
980116611497332756,140,140
571979192581881858,90,90
919630860691574864,90,90
896001064170561548,90,90
918838644322758676,90,90
908949825217777755,90,90
980046241524224070,90,90
271795905559134213,90,90
979080693386711100,90,90
980046894594138122,90,90
438633989205393409,90,90
910433753829109780,90,90
1068556533002154104,90,90
659006570876633088,290,290
1006942080842612816,340,340
966407269719900210,90,90
852065977101582378,90,90
885887285105664020,90,90
470397753160368130,90,90
917983330719371344,440,440
720602727746633739,90,90
912213429115301899,140,140
904925504845529098,90,90
907609603288748052,90,90
672895391691309116,90,90
800656086487007232,90,90
933977289153191987,190,190
514800287483953172,90,90
920868026998476912,90,90
925767279038304338,390,390
1018570858077356093,90,90
872814944163360838,90,90
946563069889359873,90,90
918503182202724404,90,90
906869012598751263,140,140
512152153205506050,290,290
393772015867265025,290,290
458552921349423104,440,440
948382337002004571,90,90
908380270212820992,90,90
966018332551688323,90,90
505307264769327104,90,90
1014718788828139560,90,90
906386769681981450,90,90
983401598929739866,90,90
807424992626212877,140,140
865765012891369493,90,90
880436927797559317,90,90
723829082869202974,290,290
906094985307357244,90,90
916525308688080917,90,90
737662996901396571,90,90
395542612313899010,90,90
974136877609287720,90,90
937646221588332544,90,90
1033432784896806992,90,90
400648945820368907,90,90
484670325758361601,190,190
620165016791810058,340,340
978008830153752647,90,90
968810703962140694,90,90
950528981457854544,90,90
917989878124392498,90,90
894243985856548894,340,340
935466122604580914,90,90
420187165302063104,240,240
963891331657248808,90,90
523932772767760384,90,90
960625707292180512,90,90
206258395802632192,90,90
681869826167275533,90,90
512662936469372948,90,90
500623795187613696,90,90
929363299160698920,90,90
287821309491019776,90,90
926195604248485910,340,340
604854006241820725,90,90
421359553373011969,90,90
923989797683466250,90,90
417607944528461834,190,190
755626282632478741,90,90
521227300751278112,190,190
942055665076146196,90,90
759054214742802443,90,90
924708554944958514,90,90
294343976738095124,90,90
996623979576041582,90,90
418395735449665536,90,90
933152038668369950,90,90
931965385803190283,90,90
994530916863049769,90,90
853609973782413323,90,90
960609774318288936,90,90
923109584967708683,90,90
871995516215496725,90,90
961612978724159558,90,90
393751877113741313,90,90
921440858514006036,190,190
354636249442549762,90,90
975688676464029716,90,90
947316122280132648,90,90
928991812750827591,190,190
910801798204362763,90,90
1023239731640795336,90,90
254990697591996416,90,90
240455641435471872,90,90
943808252074938388,90,90
408527984501456896,90,90
1034784867524808805,140,140
832557470399856712,190,190
865073601806991410,90,90
220185211760017408,90,90
887304371258400799,90,90
911723375536271380,90,90
251202176481755138,90,90
830100142622900224,90,90
651164270452670495,90,90
526748005337137153,90,90
898435458260959287,90,90
895560272503250955,90,90
399595787459362816,90,90
893131966642270298,90,90
927930683224113153,440,440
934157351395663943,90,90
615174838520250378,390,390
933191724459782164,140,140
572297836155371521,340,340
866691586246180874,140,140
968414646967083008,90,90
931076583396102184,140,140
837039551868436490,90,90
711605332014661695,90,90
353743181717962752,90,90
929615787919032350,90,90
719972538490552372,90,90
965027447156383804,90,90
854300406729277460,90,90
810714460436037673,90,90
926269171199787008,90,90
408074983407878144,90,90
920990023271211008,90,90
914017187159760957,90,90
1060288799948685452,90,90
531469928671346688,90,90
644806760179433492,140,140
1000763619778236457,90,90
208100561394860033,90,90
763090144894910464,90,90
820651048339374081,140,140
809058008071274517,90,90
649496546781429780,90,90
969420118490771536,140,140
900177974647742494,90,90
471367896770281472,190,190
942430850497265675,90,90
239461862863929344,190,190
936536343759159336,90,90
857237767837843456,90,90
608108201405186068,90,90
927961184001490984,90,90
236806101335539722,440,440
988351719731789824,90,90
961547766335668234,90,90
938617669710667786,90,90
891292075381907476,90,90
933938476049629224,90,90
933943737166462976,90,90
340399906353184768,90,90
362229078998384641,90,90
973504018452185129,90,90
251651256978898944,190,190
308343389353672704,90,90
931169499611279411,90,90
850402143750848512,90,90
905489249749577728,90,90
982487073154015322,90,90
938384875986235402,90,90
929445167814033418,90,90
890897879873507338,90,90
525164657812439062,90,90
994493862775107614,90,90
844108835432955914,90,90
862809029583962122,90,90
545847242632855573,190,190
333849311668338688,90,90
836090961230036992,90,90
903301156242079795,90,90
929340642109309018,90,90
756912240225157162,90,90
1032579454813352016,90,90
918785162580467772,90,90
837886336605093909,90,90
760865318263586876,290,290
340833558513975299,90,90
458335219544752140,90,90
980848524780519455,90,90
409424939502927873,90,90
1040990029838823434,90,90
236438774861660160,440,440
1070153396520230955,90,90
423808566747594754,90,90
1020547884636192779,90,90
887733050660753488,440,440
930797820301152306,90,90
899292754692165685,90,90
815612702940332062,90,90
864521176163287050,90,90
799493668410621952,90,90
926363098997211138,90,90
874917642589327390,90,90
813769936539353088,90,90
504973378382331905,90,90
958540835190870136,90,90
906876395358154753,240,240
849256251770798130,90,90
763773165737738260,90,90
703596578115420303,190,190
999330287123181660,90,90
962959902198890556,140,140
949574227449761792,90,90
871603680133148732,90,90
924305475422519317,90,90
948211960607019028,90,90
935507073658146826,90,90
914399655301877761,90,90
435745200179118080,90,90
369816234893508608,90,90
267187846689849346,90,90
305160582431244289,90,90
761594452665303040,190,190
344620200001273859,90,90
927044334610681886,190,190
1032222097646288906,90,90
911146125543768154,90,90
1064863285259804692,90,90
1017867926721802300,90,90
916564734420078613,90,90
916072340658487316,90,90
486219690952359946,90,90
1047395340107661373,440,440
973571183255633964,90,90
437967859273039873,90,90
997770123588931644,190,190
957318852365127810,90,90
929992405430722590,90,90
914392306277289985,90,90
395814118461800449,440,440
970746311353708614,90,90
881702886357209118,90,90
687165634173206529,90,90
1034538089474957352,90,90
919320731727319040,90,90
756320465689247745,340,340
763031401775628300,140,140
689589992242282638,90,90
890478194505969684,90,90
608639084239257626,90,90
993083114568024084,240,240
943097059874062336,90,90
998099220886200420,90,90
992789342923788349,90,90
1015208019316965436,190,190
511622287179513866,90,90
493060019181453314,90,90
1032534593817038918,90,90
981340718318620722,90,90
886177535950487552,90,90
758164918045245440,90,90
818764200767782913,90,90
674831711606931478,240,240
959089485231054848,90,90
314921297060691978,90,90
720658992858267809,90,90
978254171839037520,90,90
908083124305559572,240,240
968759110885580853,90,90
937660356581548062,90,90
888360244017786910,240,240
758311275825463297,90,90
929392368644415508,540,540
1029422877637873724,340,340
930873373557395586,90,90
922354475610550314,90,90
890107642989674516,90,90
250089457984733196,90,90
717936160051298346,90,90
870872236087726140,90,90
948970913615978547,190,190
970891377888075836,90,90
205842214151127040,90,90
916421306075987988,390,390
972347936979705907,140,140
925612853753442344,90,90
931251579229708329,90,90
290158354406440962,340,340
244123024943480833,90,90
354669610865262593,90,90
540482375935590412,90,90
956390021676556288,240,240
956086630966501406,90,90
919797199041331232,90,90
931211778115924009,340,340
960610029432610837,90,90
403808827536965642,90,90
435999864644435970,90,90
355729472936214541,90,90
929769362406146048,90,90
981082571326767125,90,90
566746086920814602,290,290
962206283832897557,90,90
868368324524904498,90,90
896654512788480002,90,90
693716916371587092,190,190
772836952756060170,90,90
707972935175897228,90,90
976701849526730772,90,90
394548692541243404,290,290
929773132162678835,90,90
904725730900992061,340,340
451201835500306434,90,90
804131615528845322,90,90
402844761100386305,90,90
983938562791710730,90,90
905297645705232455,90,90
111483306188517376,90,90
826990911689850901,90,90
893789875537604639,90,90
892640090537459713,240,240
353777832373125120,90,90
990978784998068294,90,90
953174961785294881,140,140
895849363652354048,140,140
951365173644509224,90,90
960077041217200218,90,90
616607370860298241,90,90
963265228370481244,90,90
322989612819677185,140,140
914075451511676950,90,90
943470351357206579,440,440
837956962737324032,90,90
975689790152384522,90,90
871662497059471402,140,140
943418193475665951,90,90
908900495618371635,90,90
959375942713745419,90,90
928076528393273444,190,190
895150772851994705,90,90
875200174706802689,190,190
907198638298636338,90,90
1021926430411595938,90,90
941336185962397736,190,190
1000321309739331625,90,90
642139717286101012,90,90
975438504899256410,90,90
940113322026618890,90,90
891348465798504468,90,90
820677474870493244,90,90
348076903510441994,190,190
939104365862604840,90,90
1004548220405436486,90,90
926399405731495936,90,90
888250924261343272,90,90
377771282823118850,90,90
1006448302977470475,240,240
970761487968768001,90,90
838347987633307658,90,90
918264789694812160,390,390
926841787576905749,90,90
921035959427022889,90,90
969102588337324073,140,140
1034265640267165726,90,90
734706909122265208,90,90
755432392952512674,90,90
1066934967751417876,90,90
933662310139052092,90,90
417409438333403156,90,90
105629462313324544,90,90
908369539346079824,240,240
966540178963435551,90,90
527499945574662156,90,90
325281654337830913,90,90
860935621078024202,90,90
201200727006117888,90,90
923695523205087242,90,90
922466491977322537,240,240
969620203489087558,90,90
981545647750647889,90,90
918398235935113266,90,90
802951857898913824,140,140
587765407994216473,240,240
888738957729362013,90,90
360613992936505345,90,90
937000228857475103,90,90
906204273606553621,140,140
901667590714327050,90,90
632616287725551616,90,90
957511384734769162,90,90
920255420675813387,140,140
980902046930710568,90,90
813188044970393610,140,140
800121633255718954,240,240
912611948007411763,340,340
925729161669128213,90,90
66861191963607040,90,90
581032122538786818,90,90
910457644945408062,90,90
648367140075864084,90,90
948024912499585125,140,140
917408187911667803,390,390
766258243919544350,90,90
924925319553634324,240,240
710488978020761612,290,290
408641642740973580,90,90
778491916727746580,90,90
781372540731785236,90,90
942008476643766292,440,440
1029460450892578817,90,90
173060776381251585,90,90
831505029877202944,290,290
482456387041886209,190,190
957393395523928066,90,90
656489423462072320,90,90
428907606208282635,90,90
893404274300715039,240,240
960610511567863900,90,90
913772875155136552,90,90
933770347629650010,90,90
990117838364749845,340,340
308972699525578762,240,240
410467315608584192,90,90
1010369326051774464,90,90
883194007151333397,190,190
150177614999322624,90,90
931732586890424430,90,90
793894174579228705,90,90
582903220624424962,190,190
892443810108440637,190,190
664071810051997707,190,190
894174858894798868,90,90
936561264497418250,90,90
889610726614917120,90,90
426383201431191552,90,90
974016392284241941,90,90
333934849104543754,90,90
989436612310077440,90,90
794776787418742855,190,190
889861011740450826,90,90
551532280687099915,240,240
917222918616916008,90,90
320568730159677440,90,90
479214726119948308,290,290
1034729570663940137,240,240
853966641808015370,90,90
924647287655903264,390,390
924379056282140762,90,90
958540259124191282,90,90
844382821732319272,90,90
921711266165313546,190,190
1009508509618012290,140,140
994698950437253190,90,90
968788648558473266,90,90
886928653122936842,90,90
286146946853502976,90,90
766484367845359647,90,90
884505893662769213,90,90
543813722632880158,240,240
931551611883507712,90,90
877451938722103318,90,90
942797719645343745,90,90
872310280904900618,90,90
934996927819415582,90,90
390096027425701888,90,90
894609719094804490,90,90
915239642759061554,90,90
917855268950396938,90,90
414849311738953750,90,90
957546625960648714,90,90
948033577805811764,90,90
939931222157692949,90,90
882643664290054174,90,90
923003503583043604,290,290
884492447642685460,90,90
896294449318092831,90,90
376404913317740549,240,240
360431934159192074,90,90
933095506291335168,240,240
650005883027193856,90,90
930722591658881075,90,90
859970968654708746,140,140
947723923842281512,90,90
871307165963542588,140,140
825370675329630209,90,90
184963940294459392,90,90
534739070358913024,290,290
948183686308831252,90,90
604491890510790727,190,190
941601189852766248,240,240
701060940828901446,90,90
930740446303506502,90,90
945864263979901027,90,90
597818137479741440,90,90
904644874039599105,340,340
581174548628504587,90,90
852474690027257876,90,90
905937075554091008,90,90
1013159526981189683,90,90
907797673434828830,90,90
911862473794154506,190,190
427368719228993537,140,140
897333546044239872,140,140
845309743518056498,540,540
693310694891716628,140,140
839792997784223744,140,140
932465497247727656,90,90
962201917906382938,90,90
946979854333640756,90,90
387881610139402241,90,90
632819076581949450,90,90
804325702211993610,90,90
878963699229007872,90,90
905440440797515776,90,90
984394334210232353,290,290
896083504209739827,90,90
790391080646475786,190,190
891252726812520459,90,90
955368085886488576,90,90
525307128081154052,90,90
358563677986619392,190,190
919873820561670164,90,90
319484125230792705,240,240
951455845013680158,190,190
391867090656559105,440,440
903191863727640577,90,90
549480001502969866,90,90
936280733432025140,90,90
966949193308585994,90,90
603940281196347392,90,90
638361455581855774,90,90
900952659773755432,90,90
1018734410859810906,90,90
842698312893464577,90,90
1012777093693702205,90,90
464841967386361866,90,90
889161569521524796,90,90
949105494105129001,90,90
804017095628816415,90,90
1041090411558613114,90,90
943778104554455060,190,190
844757823362433054,140,140
682962161185980466,90,90
1044535215269363749,90,90
548794033196105729,90,90
920735546265972817,90,90
915553879985365032,90,90
936955961212543016,90,90
399161364725366785,90,90
929746252856438785,90,90
906547555389804624,90,90
957452823379992586,90,90
976895686903734334,90,90
811126774708305951,340,340
921082820397510776,90,90
719070541910245449,90,90
555339983091924993,190,190
287378474497343488,90,90
1046061960996864151,90,90
925303518494068786,90,90
693756723994951760,90,90
1006952296342634558,340,340
975705703937355796,90,90
562463052801245198,90,90
947391446988779531,140,140
889547455165784097,90,90
951657305399763025,340,340
981069881753632788,90,90
957005544189739028,90,90
935241483840262184,90,90
511565473264173101,90,90
828649849129926667,140,140
905753801284255745,90,90
863780734782537748,90,90
526417790618566658,90,90
629822239440633866,290,290
468837948402565130,140,140
349289613862633472,90,90
971063631598985306,90,90
930515833527107584,140,140
811449617514233916,90,90
528176229329666048,90,90
954695758509113385,240,240
972407696143835148,240,240
601434232543248404,90,90
1015894985582837783,90,90
906803653967478845,90,90
986916693911683132,90,90
936652169355067453,90,90
904534277427978280,90,90
314006513847107584,90,90
513739752109899788,140,140
982102243933311026,90,90
1047411758735839302,290,290
584102500479533094,90,90
642670410093035520,90,90
592773789297934337,90,90
925919863518687232,90,90
919917726116495410,90,90
913768287693840415,190,190
969050260506837083,140,140
928524559961948191,90,90
709400735489458286,90,90
1007643432891732029,340,340
834552256443580426,90,90
935436624651771905,90,90
832805401384583168,90,90
873211436543930398,90,90
347737637160747013,90,90
244381062753419264,190,190
990951330359152733,90,90
892685119037521931,90,90
817856551154090035,190,190
945992222149603338,340,340
411028540532719618,290,290
364838658026504193,90,90
948814775842906163,90,90
854014523090010144,440,440
920741972816310303,90,90
850247774809489420,90,90
924604031471603763,140,140
650859329347649561,90,90
781735798604955688,90,90
913112153974792342,90,90
937173055975862332,90,90
957970027116646402,240,240
909279237276598282,90,90
1047187316382371911,440,440
974014682245529660,90,90
961590150540984360,90,90
943460505748639754,240,240
649983462224297984,90,90
933271186928975914,90,90
345741923908321290,90,90
964903161733189702,90,90
934004677408882688,90,90
939115162512797736,90,90
492260546242936832,90,90
916686909055590501,90,90
429628698006650900,90,90
914778634630365184,90,90
693416975220604949,340,340
960609848330948688,90,90
1013069596670034041,90,90
906047819276775424,90,90
982415800424083486,90,90
996569116255211551,90,90
496889217687748608,90,90
1011728428669616169,90,90
839412044288622614,90,90
917262120742158386,90,90
831455768498274315,90,90
950628802168500345,90,90
981331859709501511,90,90
221240278630006785,90,90
414122600462155776,90,90
935065257431404554,90,90
403540670691672065,90,90
916252910344634460,90,90
933294422265839626,240,240
1015256168911872081,90,90
533904170433118208,190,190
277782455442866177,90,90
936415717832687686,140,140
912920494301388800,90,90
364387458625961984,90,90
907824445211672618,190,190
894063732290895893,190,190
809278064018194442,90,90
874192132070592542,90,90
869954742888071228,290,290
834024490001629294,90,90
1007294298867384390,190,190
885498997396107355,340,340
976656802248806440,90,90
926351929091719189,90,90
487560448724434945,190,190
1038764475030970409,90,90
903171187054612490,190,190
917707346233425960,90,90
571444943684632596,190,190
814379888286105630,440,440
943136166453067837,90,90
855751934702125066,290,290
826705077779300372,340,340
1078690873795158106,90,90
990525756742434896,90,90
542781983965839370,90,90
952901363858288691,90,90
926653091749703757,390,390
956097321727303690,90,90
832998181951242250,90,90
938892378415173722,90,90
473869702876233728,90,90
941507344951545856,390,390
898236784759160832,90,90
744900753243766815,90,90
932294292712599583,190,190
823649379003924510,90,90
465096070641352714,90,90
812996058090831914,90,90
1045910451017482361,90,90
972010479440498728,90,90
850191947993579591,240,240
509270796255100930,90,90
497639016636874762,90,90
360393041900601355,90,90
903533499619889202,240,240
699597056410517525,90,90
937632008648163369,90,90
920442595778375750,90,90
342200075230904320,90,90
846112281896681532,90,90
832880536396627980,90,90
834755512734056458,90,90
889537528594591775,90,90
170122010192510977,90,90
851429247733596190,90,90
339095370652975105,340,340
180012269923467264,90,90
946391021003108453,90,90
963364367515127838,290,290
697807071978192946,90,90
366165060919361537,90,90
285044256400474112,90,90
412611549220569096,90,90
870112078797631498,90,90
1024993201351819315,140,140
940501325844709396,90,90
920230309948166195,140,140
694169625189154827,90,90
924667218120290354,90,90
935875996920475669,90,90
916131116518359070,90,90
974013341704003584,90,90
109430080018599936,90,90
888345082271514626,90,90
886677761484263486,90,90
954939340230918156,190,190
914181499895545947,140,140
759060504123146251,90,90
993920014480580749,340,340
966244318664871967,90,90
974681958577741844,90,90
916639805251657780,90,90
462571839357452298,90,90
871426227993464833,90,90
544158168582979605,90,90
914697873277456445,90,90
892476454309359686,90,90
924502082512375859,90,90
352359602823626762,640,640
1006438875574566932,90,90
203721377889517568,90,90
888233794996432967,90,90
664073101344112640,90,90
373711372053118977,90,90
888419184860626966,90,90
918045980186771466,140,140
935325878592876644,90,90
202778594739617792,90,90
836598140583936021,90,90
914318114290798622,90,90
905799313861533696,90,90
955046679915167794,90,90
370788282604322817,90,90
554858663941111828,90,90
844632375903649803,90,90
536395081175924748,90,90
918304507123892254,90,90
545630249313107969,90,90
960610266054275072,90,90
903864594102108190,90,90
497043861038825472,90,90
943716474663616542,90,90
755341895336460289,90,90
392335302091472898,90,90
313102795022532608,90,90
916539651416801350,390,390
964860048499167273,90,90
933416416428851261,90,90
950707272189890611,90,90
915139373098500117,190,190
961555420709802004,90,90
1056780691477631019,90,90
840266774753837076,90,90
313270422013476865,140,140
957619491355906088,90,90
943955756003254312,90,90
980050353615675452,90,90
918127510850506783,90,90
447307048888041482,90,90
726703284261355541,90,90
989361589775904778,190,190
507774460858728469,90,90
836545662644387841,290,290
930322825514975292,90,90
1018210919458820116,90,90
996100488862904371,240,240
588523786241048599,90,90
563376516616945674,90,90
968297158778429571,140,140
939931383290286080,90,90
411430738886524928,90,90
877173277167075398,90,90
898832905378344970,90,90
249005635574824960,90,90
936837195992559616,90,90
1014416754925125673,90,90
995673030669914182,90,90
897509139327094814,140,140
901887347019358238,90,90
895289157872652328,90,90
754573002372284518,90,90
869131820942372884,90,90
353168473687588864,240,240
895645313992372234,90,90
294104937971974144,440,440
926912867683434577,90,90
396341561069273090,90,90
906900481341808700,90,90
958541236350902272,90,90
1035646329415802980,90,90
933924368604594178,340,340
802549434788872202,340,340
788005723640561674,90,90
286492758355607552,90,90
896699040463454208,90,90
817332326022250519,440,440
274666929682251776,90,90
899255525894668299,90,90
893904721193095168,90,90
1027552212118933675,90,90
926886597910224936,90,90
444858451232030731,240,240
848737635320594442,90,90
960049652592410624,90,90
884001174024507433,90,90
861507512141873182,90,90
791878766188036137,90,90
985408345919856660,90,90
469481016093048854,90,90
823815757530923088,90,90
908308809473220608,240,240
1078609063954370601,90,90
914140535256678430,90,90
365488123079294987,90,90
910534129857216567,90,90
941998051998969946,90,90
914878793854885908,290,290
736965382749028442,90,90
477854445238091776,440,440
1015291579843493991,90,90
907879417748013156,90,90
559222152814133301,90,90
965262102820429834,390,390
896574992328847401,190,190
717677081454051380,90,90
944540099771793409,90,90
891212035977797743,140,140
810341181145612320,90,90
917841406427549696,90,90
844897886918672405,90,90
830420711990099998,90,90
515441828019830785,90,90
1011246113979899964,190,190
1021927187328282654,90,90
180018946705981440,90,90
983361770649423923,90,90
527834559790710796,90,90
577398099941785603,90,90
892380787134042112,90,90
840248125146267678,90,90
342302944814694411,90,90
417952330613260298,90,90
891657761916608532,90,90
677909837841170432,90,90
346852297697132544,190,190
872433903867154453,90,90
946990263832805396,240,240
841673577333391380,240,240
1021927451980476418,90,90
954650436349087824,190,190
838103504958259221,340,340
997035409311793152,90,90
964510337355358300,90,90
609294470894190592,90,90
734698834772492400,90,90
1077061333805182997,90,90
706092702696996874,90,90
840454596601184266,90,90
827357941967093771,90,90
981823020681273374,90,90
141799688889303040,140,140
961383429335842816,90,90
355706830263156738,440,440
919828447751176193,90,90
890621139456516147,140,140
874304360518135809,90,90
657646417329782825,90,90
326520248918343680,90,90
986519352281030676,90,90
899565377971953684,90,90
986854652484153344,90,90
307880340871970818,90,90
940883713179398154,90,90
735895767931420713,90,90
1017678180502483024,90,90
844067781816352789,90,90
1014076276723679253,90,90
497309480300707850,90,90
951362295395680276,90,90
972950897774690325,90,90
712643189957460009,140,140
875676856614015016,90,90
914189973954121838,90,90
977459518126579753,90,90
956894492257034320,90,90
601466547931709461,90,90
945866708139249704,90,90
872400216299548684,140,140
700405584763027721,290,290
971340133909536798,90,90
806805708548472832,90,90
910501858404093972,440,440
757908346526236714,140,140
1007259702834507886,340,340
569798027318132736,90,90
953319482795917382,90,90
249112089036062722,90,90
936260588705824808,90,90
935242558123180092,90,90
984182982329925652,90,90
736443075714351234,90,90
935244272200974438,440,440
935766788984152075,90,90
862347497686433843,90,90
715967005701701642,90,90
767412231506886708,90,90
225586574291763201,90,90
944877934819291146,90,90
936653266203324508,90,90
478757974077079561,90,90
460111397125357569,90,90
829973903689383967,340,340
885816164557656104,90,90
1021926846943731784,90,90
923833630244106240,90,90
983399581473722380,90,90
624923009609891854,190,190
734506448234610771,90,90
926191186027352074,90,90
881817001473998850,90,90
936502099431268423,90,90
1021888357447507969,90,90
524369255320387584,90,90
254226120747122688,90,90
507146572228984832,90,90
912758399811330079,90,90
927826296640270366,90,90
930861462593863740,90,90
228899744280215553,90,90
948586205291905085,90,90
577875091820642325,440,440
1022253527122317413,190,190
1076767041714929685,90,90
705061497549750323,90,90
896000768585400352,90,90
968007470842777620,90,90
516825481257943041,90,90
666547382241984512,290,290
832235004268380171,90,90
928894746246647878,90,90
642710841569050626,90,90
958020888236789823,90,90
829017965378797588,90,90
945325704084586497,190,190
359204400897458178,90,90
942006770048581702,90,90
932919686386028554,90,90
882248517517733908,90,90
806013861324521482,90,90
763941034346283049,90,90
920825495568932865,90,90
976726461622939678,90,90
933936073472634970,90,90
990978851213570079,90,90
331337688621907978,90,90
521301715199328257,290,290
544848348629434368,240,240
847026490406993940,190,190
886293530123862088,90,90
788051985390764032,90,90
966171597595639908,90,90
983580256923426836,290,290
890135047896711189,340,340
977804308970086481,90,90
895183435692388352,90,90
580448068122574873,90,90
885859188620787833,90,90
897328589773606933,90,90
921032431673438279,90,90
969162402270703616,140,140
1024191002937937930,90,90
884457789014016050,440,440
932908330064674816,90,90
529972781073301505,390,390
920339053273038880,90,90
907947145859043328,90,90
239665156286578689,440,440
244456965487460352,90,90
209457600582909952,90,90
929185311748145172,90,90
1017475214424162415,90,90
925290131877949450,90,90
790947371429134336,340,340
996381525635510343,90,90
931774149699985429,90,90
918174811635744788,290,290
903805076756365352,90,90
824529291102519296,90,90
930792674783551578,90,90
971660993149153320,190,190
934080560521949226,140,140
716971278795276358,90,90
910370488612712450,90,90
446314956942606351,190,190
844089272210292746,90,90
955106064183996466,90,90
616919514696908800,90,90
930150616074944603,90,90
931251865503539231,90,90
914467970154135562,90,90
885679945714647050,440,440
904359071539421294,90,90
732256260606656542,90,90
879732964483825674,440,440
732305612570099772,190,190
909080516832141312,90,90
593455489615003650,90,90
420524903507296256,240,240
944952206166204447,90,90
933602410126016532,90,90
880806892752998441,90,90
1023616300733436106,90,90
605703134098227231,140,140
909821741013028944,90,90
888339144877682728,90,90
427544061168189450,90,90
923203570893987891,90,90
952191676305272953,90,90
958282881166356540,90,90
898478233849303080,90,90
843778664768077874,90,90
913381325006831646,90,90
953343374809776158,90,90
1003701183682199744,190,190
909553125315186718,340,340
560119822361296897,390,390
931890516059115630,90,90
990141302798712902,440,440
890870033486577704,90,90
224150739449151489,90,90
819121596094611496,290,290
1012539078765453312,90,90
557809350975029251,90,90
955442002231709776,190,190
338295247203205133,90,90
410811877472337920,90,90
949925882447929344,640,640
950530108194697297,90,90
760352578021097472,140,140
992798577971699826,90,90
982117317385265192,90,90
833708443080065024,90,90
829255680350617611,90,90
615229048771313670,90,90
941702349645295709,90,90
872407469803048991,90,90
1018982190073262271,90,90
832593822579032065,290,290
1013745035004624918,90,90
385709820449259525,90,90
901462767603679292,90,90
469837985790296085,240,240
1013073185375273010,90,90
915675799632375888,90,90
918403290029494272,340,340
246856483243950081,540,540
944527203230707732,90,90
625305443140370442,390,390
919075505448300605,90,90
1032523265907892305,90,90
903304301710041149,90,90
959330402483445790,90,90
337627234720546817,90,90
208302047932448768,90,90
942027723130437633,440,440
810120380630302731,140,140
943712768375287868,90,90
892440050535628830,90,90
552846822000033801,340,340
927203973004423169,90,90
906227018511810620,90,90
1020225394730868736,90,90
526190756902207519,90,90
857977143275028490,190,190
1009860891346468964,190,190
358583726092976139,90,90
946872457892077659,90,90
1011567325520072714,90,90
332059132817571841,90,90
173419433639804929,90,90
892090790120128624,440,440
897498324112912474,90,90
941140377770004540,340,340
965597801222381638,140,140
694544807011549225,90,90
275288843010179072,90,90
765955487069896741,90,90
904756884702101554,90,90
934656496946511942,240,240
562768057236193283,290,290
879268188318208061,190,190
222470138643873792,90,90
900081880219656252,90,90
806480711003537461,240,240
1067014134954209300,90,90
948368569387855885,90,90
602546100385087509,290,290
881710857707462676,90,90
788772369233477643,90,90
937652111301283890,290,290
699755931105362000,90,90
894080673407717416,440,440
975184555319394405,90,90
568318899020365844,190,190
526365073183080448,90,90
512236622822113284,90,90
847755279999434762,140,140
478212902583533568,90,90
748079871736938566,90,90
407528898457370637,90,90
840163736077598721,90,90
875720929966170152,90,90
550713408366837798,90,90
896491182186709022,240,240
988563705480511488,90,90
756543120702963752,90,90
1021926989550080122,90,90
894844188775030804,290,290
884729105973661706,90,90
911568867724238890,90,90
879572621694476338,90,90
871731279597568031,90,90
902582919254646874,90,90
925403247039119411,90,90
406146638806253580,90,90
410699177388015616,90,90
924951701260230676,90,90
909109129384189964,340,340
983277068219449345,90,90
913761335249108992,140,140
229811147711184896,90,90
883557210402222152,90,90
970886009069928488,90,90
976307293551489076,90,90
914142697835626546,90,90
922202250066165760,90,90
923521149919436811,90,90
900295306971852800,90,90
845706794080403496,390,390
246535851536941057,90,90
861666856820408320,90,90
574244650089578498,240,240
757298479990177912,90,90
968308887193288764,90,90
932507346255626240,90,90
910357819415465994,90,90
741937788156510208,90,90
941299233506603039,90,90
975479560789434428,90,90
837952767925551184,90,90
910431785647751169,90,90
949988010563338281,90,90
976479860874674176,90,90
1000700485583519754,140,140
840873590744285205,90,90
721550401710587944,90,90
940501098265980969,90,90
894925427984990208,90,90
954152969031540776,90,90
1006550627784085564,90,90
533169197451051008,240,240
190868525873758209,140,140
1012390495147794553,90,90
781722535724580864,90,90
260708457169158154,90,90
660514240095846441,90,90
826302154759077918,90,90
492919066655195137,90,90
878354011722481664,290,290
203698707495911425,140,140
730869104445095989,90,90
926119167306903573,190,190
778738064545021984,90,90
958073264729649152,90,90
491858289231921152,90,90
863376301850361876,90,90
328400774021382145,90,90
901668903816658955,90,90
404928667425308682,440,440
948919743082037279,390,390
624584501644754981,90,90
704445345874051102,90,90
931450002465783818,90,90
895725503661625364,90,90
1017423318112018543,90,90
937290184880451646,90,90
639839328448806922,190,190
748186107539226664,340,340
935538549070106704,90,90
914922803562696725,90,90
419379027636387841,90,90
558792448399245312,340,340
1003328835166670901,90,90
300699318120087553,90,90
901477035300515892,90,90
546361150594482188,140,140
411442313458352128,290,290
847658573260521514,90,90
401020240353427457,140,140
436766614348627979,190,190
421253661331554305,90,90
940989280979923025,90,90
937971395835609160,340,340
768282127577513984,90,90
968665801903198280,90,90
894849365062058014,90,90
835784795765342208,90,90
917665123861164032,90,90
728294836612104232,90,90
959079803040989214,90,90
873259428512677898,90,90
934418979773108305,240,240
886693153283932170,90,90
874582293652594768,90,90
983398777383706644,90,90
960609720186572871,90,90
317439667496812552,90,90
69609073217122304,90,90
974022519931666513,90,90
852810755081633793,90,90
681047875370745952,370,370
572203765244100609,90,90
397413149638131713,90,90
502958368877707264,90,90
926822381182406667,90,90
517760087155277852,90,90
828997712597745765,90,90
1013837756625072149,90,90
191641954553954304,90,90
560045864987525121,440,440
417877494650372097,90,90
834698345586753576,90,90
158412929559953408,90,90
985815925041295390,90,90
895000308005109770,90,90
703965947848818699,90,90
185803602789531648,90,90
951461079962247228,90,90
915527290954342451,90,90
599870971293335571,90,90
1017679003542376449,90,90
898139047652905040,240,240
877583296178057269,90,90
903049893449433100,90,90
1051368512150589521,90,90
919620223060033537,90,90
879361882937516032,140,140
453571788820185094,340,340
888624950091612261,90,90
304384641979121686,140,140
949014130726170664,90,90
806054900113997865,190,190
557526880400572437,90,90
759084715650711572,90,90
784331640825708574,90,90
1006969711176732883,190,190
359343757814005770,90,90
434383979278499841,90,90
762720417743110165,90,90
1037414946083967047,440,440
181747954762121216,90,90
857905353832136705,90,90
474195589106630676,90,90
627498599458144257,140,140
280946390153166848,240,240
960722419939704874,290,290
924201400236396615,90,90
1071059956792557659,90,90
377694328794906627,90,90
805460847052455936,90,90
748102998898638860,90,90
898518814222872626,190,190
944619369114263572,90,90
832368116074938373,90,90
413134453028814849,90,90
932975149697863720,290,290
839531671979950121,90,90
928266176117743617,440,440
1028379649828458576,90,90
381070718789615616,90,90
592815580520906777,90,90
917750031002533958,140,140
870691970337611777,90,90
495524708523966464,240,240
1037721666031202335,90,90
903596902375907369,90,90
571319432224178187,90,90
802732955164082187,90,90
931289616215076904,90,90
1074302868032606249,240,240
861984791481679873,90,90
960610087834112102,90,90
992789378705391706,90,90
918215975667642418,90,90
911164708214669344,140,140
930249289060474940,90,90
1027200230468354078,290,290
908773686230810655,90,90
420339669222293514,90,90
698034529436303454,90,90
536145557408710656,90,90
443276329933209613,90,90
936756042224787536,90,90
896021004613206036,90,90
792357793540997130,390,390
901465578957602829,90,90
993738427881230417,90,90
912189604738785311,90,90
983400836904411186,90,90
966994364809248769,490,490
282772198681214976,90,90
841956245173960714,440,440
927958168158470185,90,90
915903744686837820,90,90
825371941983486025,90,90
982123901310099486,90,90
194828121499893771,190,190
361919492911005696,190,190
999650673668931655,90,90
930659767779741769,90,90
940267112377757706,90,90
942816572995698718,90,90
926163499435040769,90,90
182652631099899904,390,390
942400557023379456,90,90
723001683252346912,90,90
921256448669933589,290,290
926174348446928956,190,190
924657442091044915,90,90
927465522075930636,90,90
966408076771090502,90,90
935495872291164160,90,90
894163818136109097,90,90
833560042988503071,140,140
975733292546551808,190,190
930869555750895686,90,90
691192587415060520,90,90
920934620382511125,90,90
906048083081715743,90,90
565840415593463808,190,190
896381140439531543,90,90
948866068879929356,90,90
833677045166506045,90,90
399958227799900160,490,490
926665990467641354,340,340
841428298931372033,90,90
717748208314351717,90,90
860473458319818772,240,240
963849120513163344,90,90
779631336951906324,90,90
969803436520517642,90,90
934137585322823701,90,90
860163915291033600,90,90
786083078493306890,190,190
411544397566443520,90,90
966365984472567878,90,90
822748227123937292,90,90
939980334584459316,90,90
984394198096707584,200,200
912953460285136918,100,100
967140694332440698,250,250
957661266917331044,200,200
816618173502849037,100,100
957661399755141171,250,250
984394358541402182,200,200
984394221949702234,200,200
885559382954360922,50,50
456790953563258882,200,200
827162320752869416,100,100
1006820694279073842,250,250
693745370823655424,50,50
239717681186603008,50,50
932929800899788870,100,100
816280532190756904,100,100
1023435169690042458,50,50
982134858769911848,50,50
981030978342486026,50,50
894544262673338429,50,50
982218496052195349,50,50
1027185386088312864,50,50
981442422376648714,50,50
921792034593984533,100,100
982450690427322391,50,50
981428016133591050,50,50
982316595290443777,50,50
980012986578137108,50,50
982325959158018048,50,50
982021921493377054,50,50
980789134106951720,50,50
981071198429523988,50,50
982328370492747797,50,50
963451630693519400,50,50
894943837036900412,50,50
981014551141163089,50,50
1040252757422112788,50,50
979791548013232168,50,50
982065736849690655,50,50
827341751912103966,50,50
490449385096871936,50,50
981463584234156042,50,50
982333417993687060,50,50
982095839646351400,50,50
981112590233129012,50,50
738952027425472553,50,50
981410522152972308,50,50
1007266835105853520,100,100
980946076402057307,50,50
980028724202315806,50,50
868457222118731856,50,50
981510470265626645,50,50
981310041569251329,50,50
1008552853339639829,50,50
981339955433439242,50,50
982042971123900447,50,50
1046028350617047050,50,50
980900221104037938,50,50
981262945222819880,50,50
981300971474923560,50,50
874901998997221406,50,50
981420793026207754,50,50
980935710917935114,50,50
980826615674187796,50,50
246950316044582913,50,50
982431033926492200,50,50
951585903594323979,50,50
981994190714060811,50,50
981342429074563122,50,50
982464329188266034,50,50
886307596238200842,50,50
981103886641291304,50,50
981058007653838858,50,50
1009502116898930739,100,100
980864829734649947,50,50
980734471034798100,50,50
981098146945986602,50,50
690541260502466560,50,50
999659405169659995,100,100
982353622044119040,50,50
980019105329451048,50,50
981380193560199258,50,50
690057789422436392,50,50
981515417375891547,50,50
982119524016979978,50,50
452774612116307968,50,50
982167109939372053,50,50
981387590550827018,50,50
578195336070299658,50,50
981383105027907636,50,50
981169927434174504,50,50
981077558063943690,50,50
980787830492127232,50,50
948079072611815475,50,50
980814180368121956,50,50
1065992413325303880,50,50
640538741290565632,50,50
980356643801935944,50,50
980882983315722320,50,50
693460435168395284,100,100
693777028230414366,50,50
891699958984626236,50,50
827890105876348936,50,50
989886370833129514,50,50
923415866912165888,50,50
1062414356085747844,100,100
946791402665295913,50,50
908372364964810752,50,50
932903175390896149,50,50
1061711780637839400,50,50
885134964864200744,50,50
944267391980949524,50,50
493715402187079680,50,50
938665233138995210,50,50
913003291057721344,50,50
957127875197276220,50,50
843051015153385473,50,50
937573721609212005,50,50
254739338170990593,50,50
940942606895026256,50,50
659735894638723073,100,100
923398367676076093,50,50
412503683008299008,50,50
1056536111498932324,50,50
946813509084274739,50,50
1006066175840637028,50,50
1057492761726697522,50,50
363330730740416513,50,50
1047847852212232215,50,50
964069790346014740,50,50
948767013097066637,50,50
481349764646961162,50,50
954032196715438091,50,50
954044000954884136,50,50
